Title,Description,Link,Media URL,Pinterest board,Publish date
Grade 3 Addition Practice Worksheet (22 Problems) | Printable Practice,Fun and engaging Addition worksheet for Grade 3. Perfect printable math practice.,https://mathworksheetgallery.github.io/html/grade-3-addition-practice-worksheet-22-problems-7039.html,https://mathworksheetgallery.github.io/images/grade-3-addition-practice-worksheet-22-problems-7039.jpg,Elementary Math Activities,03/17/2026 08:31:00 AM
Free Kindergarten Count and Color Worksheet,Fun and engaging Count and Color worksheet for Kindergarten. Perfect printable math practice.,https://mathworksheetgallery.github.io/html/free-kindergarten-count-and-color-worksheet-1121.html,https://mathworksheetgallery.github.io/images/free-kindergarten-count-and-color-worksheet-1121.jpg,Elementary Math Activities,03/17/2026 11:00:00 AM
Learn Counting With Pictures Worksheet (Kindergarten) - Part 3 | Printable Practice,Help kids master Counting Objects with this printable worksheet for Kindergarten. Great for daily math practice.,https://mathworksheetgallery.github.io/html/learn-counting-with-pictures-worksheet-kindergarten-part-3-8864.html,https://mathworksheetgallery.github.io/images/learn-counting-with-pictures-worksheet-kindergarten-part-3-8864.jpg,Printable Worksheets,03/17/2026 01:37:00 PM
Free 13 Division Math Worksheet For Grade 2 With Answers - Part 4 | Printable Practice,Printable Division worksheet designed for Grade 2 students. Easy and fun math practice.,https://mathworksheetgallery.github.io/html/free-13-division-math-worksheet-for-grade-2-with-answers-part-4-7084.html,https://mathworksheetgallery.github.io/images/free-13-division-math-worksheet-for-grade-2-with-answers-part-4-7084.jpg,Math Practice Printables,03/17/2026 04:30:00 PM
7 Mathematics Quiz Worksheet,Fun and engaging Math worksheet for Math. Perfect printable math practice.,https://mathworksheetgallery.github.io/html/7-mathematics-quiz-worksheet-9232.html,https://mathworksheetgallery.github.io/images/7-mathematics-quiz-worksheet-9232.jpg,Printable Worksheets,03/17/2026 08:27:00 PM
Missing Number Math Worksheet,Fun and engaging Missing Number worksheet for Grade 1. Perfect printable math practice.,https://mathworksheetgallery.github.io/html/missing-number-math-worksheet-4595.html,https://mathworksheetgallery.github.io/images/missing-number-math-worksheet-4595.jpg,Homeschool Math,03/18/2026 08:32:00 AM
Mixed Operations Math Worksheet,Help kids master Mixed Operations with this printable worksheet for Grade 3. Great for daily math practice.,https://mathworksheetgallery.github.io/html/mixed-operations-math-worksheet-7445.html,https://mathworksheetgallery.github.io/images/mixed-operations-math-worksheet-7445.jpg,Homeschool Math,03/18/2026 11:00:00 AM
Free 13 Multiplication Math Worksheet For Grade 1 With Answers - Part 8 | Printable Practice,Printable Multiplication worksheet designed for Grade 1 students. Easy and fun math practice.,https://mathworksheetgallery.github.io/html/free-13-multiplication-math-worksheet-for-grade-1-with-answers-part-8-5244.html,https://mathworksheetgallery.github.io/images/free-13-multiplication-math-worksheet-for-grade-1-with-answers-part-8-5244.jpg,Homeschool Math,03/18/2026 01:27:00 PM
Printable Free 27 Subtraction Math Worksheet For Grade 5 - Part 9 | Printable Practice,Help kids master Subtraction with this printable worksheet for Grade 5. Great for daily math practice.,https://mathworksheetgallery.github.io/html/printable-free-27-subtraction-math-worksheet-for-grade-5-part-9-4446.html,https://mathworksheetgallery.github.io/images/printable-free-27-subtraction-math-worksheet-for-grade-5-part-9-4446.jpg,Homeschool Math,03/18/2026 04:33:00 PM
12 Times Table Worksheet For Grade 4 - Part 10 | Printable Practice,Teachers and parents love this Times Table worksheet for Grade 4. Download and print instantly.,https://mathworksheetgallery.github.io/html/12-times-table-worksheet-for-grade-4-part-10-8496.html,https://mathworksheetgallery.github.io/images/12-times-table-worksheet-for-grade-4-part-10-8496.jpg,Kids Math Worksheets,03/18/2026 08:36:00 PM
Printable Tracing Worksheet For Kids - Part 11 | Free Printable,Fun and engaging Tracing worksheet for Kindergarten. Perfect printable math practice.,https://mathworksheetgallery.github.io/html/printable-tracing-worksheet-for-kids-part-11-7282.html,https://mathworksheetgallery.github.io/images/printable-tracing-worksheet-for-kids-part-11-7282.jpg,Math Practice Printables,03/19/2026 08:22:00 AM
Math Word Problem Worksheet,Help kids master Word Problem with this printable worksheet for Grade 3. Great for daily math practice.,https://mathworksheetgallery.github.io/html/math-word-problem-worksheet-3826.html,https://mathworksheetgallery.github.io/images/math-word-problem-worksheet-3826.jpg,Kids Math Worksheets,03/19/2026 11:07:00 AM
Free 14 Addition Math Worksheet For Grade 3 - Part 13 | Printable Practice,Teachers and parents love this Addition worksheet for Grade 3. Download and print instantly.,https://mathworksheetgallery.github.io/html/free-14-addition-math-worksheet-for-grade-3-part-13-2892.html,https://mathworksheetgallery.github.io/images/free-14-addition-math-worksheet-for-grade-3-part-13-2892.jpg,Elementary Math Activities,03/19/2026 01:27:00 PM
Preschool Count and Color Shapes Worksheet,Free printable Count and Color worksheet for Preschool. Perfect for homeschool practice and classroom activities.,https://mathworksheetgallery.github.io/html/preschool-count-and-color-shapes-worksheet-9998.html,https://mathworksheetgallery.github.io/images/preschool-count-and-color-shapes-worksheet-9998.jpg,Printable Worksheets,03/19/2026 04:28:00 PM
Pre-K Count The Objects Worksheet - Part 15 | Printable Practice,Teachers and parents love this Counting Objects worksheet for Pre-K. Download and print instantly.,https://mathworksheetgallery.github.io/html/pre-k-count-the-objects-worksheet-part-15-9257.html,https://mathworksheetgallery.github.io/images/pre-k-count-the-objects-worksheet-part-15-9257.jpg,Homeschool Math,03/19/2026 08:35:00 PM
Free 22 Division Math Worksheet For Grade 2 - Part 16 | Printable Practice,Printable Division worksheet designed for Grade 2 students. Easy and fun math practice.,https://mathworksheetgallery.github.io/html/free-22-division-math-worksheet-for-grade-2-part-16-2562.html,https://mathworksheetgallery.github.io/images/free-22-division-math-worksheet-for-grade-2-part-16-2562.jpg,Homeschool Math,03/20/2026 08:22:00 AM
Free Printable Math Skill Test for Students (4 Questions),Teachers and parents love this Math worksheet for Math. Download and print instantly.,https://mathworksheetgallery.github.io/html/free-printable-math-skill-test-for-students-4-questions-6198.html,https://mathworksheetgallery.github.io/images/free-printable-math-skill-test-for-students-4-questions-6198.jpg,Kids Math Worksheets,03/20/2026 11:00:00 AM
Missing Number Math Worksheet,Free printable Missing Number worksheet for Grade 1. Perfect for homeschool practice and classroom activities.,https://mathworksheetgallery.github.io/html/missing-number-math-worksheet-2150.html,https://mathworksheetgallery.github.io/images/missing-number-math-worksheet-2150.jpg,Kids Math Worksheets,03/20/2026 01:22:00 PM
Mixed Operations Math Worksheet,Free printable Mixed Operations worksheet for Grade 3. Perfect for homeschool practice and classroom activities.,https://mathworksheetgallery.github.io/html/mixed-operations-math-worksheet-9055.html,https://mathworksheetgallery.github.io/images/mixed-operations-math-worksheet-9055.jpg,Kids Math Worksheets,03/20/2026 04:33:00 PM
Free 22 Multiplication Math Worksheet For Grade 2 With Answers - Part 20 | Printable Practice,Free printable Multiplication worksheet for Grade 2. Perfect for homeschool practice and classroom activities.,https://mathworksheetgallery.github.io/html/free-22-multiplication-math-worksheet-for-grade-2-with-answers-part-20-4355.html,https://mathworksheetgallery.github.io/images/free-22-multiplication-math-worksheet-for-grade-2-with-answers-part-20-4355.jpg,Homeschool Math,03/20/2026 08:26:00 PM
Free 30 Subtraction Math Worksheet For Grade 2 - Part 21 | Printable Practice,Printable Subtraction worksheet designed for Grade 2 students. Easy and fun math practice.,https://mathworksheetgallery.github.io/html/free-30-subtraction-math-worksheet-for-grade-2-part-21-8566.html,https://mathworksheetgallery.github.io/images/free-30-subtraction-math-worksheet-for-grade-2-part-21-8566.jpg,Printable Worksheets,03/21/2026 08:33:00 AM
Grade 4 Multiplication Table 12 Practice - Part 22 | Printable Practice,Teachers and parents love this Times Table worksheet for Grade 4. Download and print instantly.,https://mathworksheetgallery.github.io/html/grade-4-multiplication-table-12-practice-part-22-8537.html,https://mathworksheetgallery.github.io/images/grade-4-multiplication-table-12-practice-part-22-8537.jpg,Elementary Math Activities,03/21/2026 11:00:00 AM
Printable Tracing Worksheet For Kids - Part 23 | Free Printable,Fun and engaging Tracing worksheet for Kindergarten. Perfect printable math practice.,https://mathworksheetgallery.github.io/html/printable-tracing-worksheet-for-kids-part-23-7199.html,https://mathworksheetgallery.github.io/images/printable-tracing-worksheet-for-kids-part-23-7199.jpg,Homeschool Math,03/21/2026 01:38:00 PM
Math Word Problem Worksheet,Help kids master Word Problem with this printable worksheet for Grade 3. Great for daily math practice.,https://mathworksheetgallery.github.io/html/math-word-problem-worksheet-9628.html,https://mathworksheetgallery.github.io/images/math-word-problem-worksheet-9628.jpg,Printable Worksheets,03/21/2026 04:23:00 PM
Grade 1 Addition Practice Worksheet (12 Problems) - Part 25 | Printable Practice,Fun and engaging Addition worksheet for Grade 1. Perfect printable math practice.,https://mathworksheetgallery.github.io/html/grade-1-addition-practice-worksheet-12-problems-part-25-9200.html,https://mathworksheetgallery.github.io/images/grade-1-addition-practice-worksheet-12-problems-part-25-9200.jpg,Elementary Math Activities,03/21/2026 08:35:00 PM
"Count and Color Circle, Car, Triangle Worksheet for Kids",Help kids master Count and Color with this printable worksheet for Preschool. Great for daily math practice.,https://mathworksheetgallery.github.io/html/count-and-color-circle-car-triangle-worksheet-for-kids-1464.html,https://mathworksheetgallery.github.io/images/count-and-color-circle-car-triangle-worksheet-for-kids-1464.jpg,Elementary Math Activities,03/22/2026 08:31:00 AM
Kindergarten Count The Objects Worksheet - Part 27 | Printable Practice,Printable Counting Objects worksheet designed for Kindergarten students. Easy and fun math practice.,https://mathworksheetgallery.github.io/html/kindergarten-count-the-objects-worksheet-part-27-7029.html,https://mathworksheetgallery.github.io/images/kindergarten-count-the-objects-worksheet-part-27-7029.jpg,Elementary Math Activities,03/22/2026 11:03:00 AM
Free 13 Division Math Worksheet For Grade 2 - Part 28 | Printable Practice,Printable Division worksheet designed for Grade 2 students. Easy and fun math practice.,https://mathworksheetgallery.github.io/html/free-13-division-math-worksheet-for-grade-2-part-28-6234.html,https://mathworksheetgallery.github.io/images/free-13-division-math-worksheet-for-grade-2-part-28-6234.jpg,Elementary Math Activities,03/22/2026 01:28:00 PM
4 Math Trivia Quiz Worksheet,Printable Math worksheet designed for Math students. Easy and fun math practice.,https://mathworksheetgallery.github.io/html/4-math-trivia-quiz-worksheet-5411.html,https://mathworksheetgallery.github.io/images/4-math-trivia-quiz-worksheet-5411.jpg,Elementary Math Activities,03/22/2026 04:31:00 PM
Missing Number Math Worksheet,Fun and engaging Missing Number worksheet for Grade 1. Perfect printable math practice.,https://mathworksheetgallery.github.io/html/missing-number-math-worksheet-4502.html,https://mathworksheetgallery.github.io/images/missing-number-math-worksheet-4502.jpg,Math Practice Printables,03/22/2026 08:30:00 PM
Mixed Operations Math Worksheet,Teachers and parents love this Mixed Operations worksheet for Grade 3. Download and print instantly.,https://mathworksheetgallery.github.io/html/mixed-operations-math-worksheet-3345.html,https://mathworksheetgallery.github.io/images/mixed-operations-math-worksheet-3345.jpg,Homeschool Math,03/23/2026 08:22:00 AM
Grade 2 Multiplication Practice Worksheet (18 Problems) - Part 32 | Printable Practice,Help kids master Multiplication with this printable worksheet for Grade 2. Great for daily math practice.,https://mathworksheetgallery.github.io/html/grade-2-multiplication-practice-worksheet-18-problems-part-32-5871.html,https://mathworksheetgallery.github.io/images/grade-2-multiplication-practice-worksheet-18-problems-part-32-5871.jpg,Elementary Math Activities,03/23/2026 11:07:00 AM
Free 25 Subtraction Math Worksheet For Grade 2 With Answers - Part 33 | Printable Practice,Free printable Subtraction worksheet for Grade 2. Perfect for homeschool practice and classroom activities.,https://mathworksheetgallery.github.io/html/free-25-subtraction-math-worksheet-for-grade-2-with-answers-part-33-3972.html,https://mathworksheetgallery.github.io/images/free-25-subtraction-math-worksheet-for-grade-2-with-answers-part-33-3972.jpg,Kids Math Worksheets,03/23/2026 01:27:00 PM
Grade 2 Multiplication Table 3 Practice - Part 34 | Printable Practice,Teachers and parents love this Times Table worksheet for Grade 2. Download and print instantly.,https://mathworksheetgallery.github.io/html/grade-2-multiplication-table-3-practice-part-34-5402.html,https://mathworksheetgallery.github.io/images/grade-2-multiplication-table-3-practice-part-34-5402.jpg,Elementary Math Activities,03/23/2026 04:33:00 PM
Printable Tracing Worksheet For Kids - Part 35 | Free Printable,Printable Tracing worksheet designed for Preschool students. Easy and fun math practice.,https://mathworksheetgallery.github.io/html/printable-tracing-worksheet-for-kids-part-35-8395.html,https://mathworksheetgallery.github.io/images/printable-tracing-worksheet-for-kids-part-35-8395.jpg,Homeschool Math,03/23/2026 08:35:00 PM
Math Word Problem Worksheet,Free printable Word Problem worksheet for Grade 3. Perfect for homeschool practice and classroom activities.,https://mathworksheetgallery.github.io/html/math-word-problem-worksheet-5300.html,https://mathworksheetgallery.github.io/images/math-word-problem-worksheet-5300.jpg,Kids Math Worksheets,03/24/2026 08:24:00 AM
Free 17 Addition Math Worksheet For Grade 3 With Answers - Part 37 | Printable Practice,Teachers and parents love this Addition worksheet for Grade 3. Download and print instantly.,https://mathworksheetgallery.github.io/html/free-17-addition-math-worksheet-for-grade-3-with-answers-part-37-5254.html,https://mathworksheetgallery.github.io/images/free-17-addition-math-worksheet-for-grade-3-with-answers-part-37-5254.jpg,Math Practice Printables,03/24/2026 11:00:00 AM
4 Free Count and Color Worksheets for Kindergarten,Printable Count and Color worksheet designed for Kindergarten students. Easy and fun math practice.,https://mathworksheetgallery.github.io/html/4-free-count-and-color-worksheets-for-kindergarten-6651.html,https://mathworksheetgallery.github.io/images/4-free-count-and-color-worksheets-for-kindergarten-6651.jpg,Elementary Math Activities,03/24/2026 01:33:00 PM
Kindergarten Count The Objects Worksheet - Part 39 | Printable Practice,Free printable Counting Objects worksheet for Kindergarten. Perfect for homeschool practice and classroom activities.,https://mathworksheetgallery.github.io/html/kindergarten-count-the-objects-worksheet-part-39-8391.html,https://mathworksheetgallery.github.io/images/kindergarten-count-the-objects-worksheet-part-39-8391.jpg,Math Practice Printables,03/24/2026 04:27:00 PM
Grade 1 Division Practice Worksheet (15 Problems) - Part 40 | Printable Practice,Printable Division worksheet designed for Grade 1 students. Easy and fun math practice.,https://mathworksheetgallery.github.io/html/grade-1-division-practice-worksheet-15-problems-part-40-6112.html,https://mathworksheetgallery.github.io/images/grade-1-division-practice-worksheet-15-problems-part-40-6112.jpg,Elementary Math Activities,03/24/2026 08:31:00 PM
Practice Math Knowledge Test Worksheet,Printable Math worksheet designed for Math students. Easy and fun math practice.,https://mathworksheetgallery.github.io/html/practice-math-knowledge-test-worksheet-9286.html,https://mathworksheetgallery.github.io/images/practice-math-knowledge-test-worksheet-9286.jpg,Math Practice Printables,03/25/2026 08:34:00 AM
Missing Number Math Worksheet,Free printable Missing Number worksheet for Grade 1. Perfect for homeschool practice and classroom activities.,https://mathworksheetgallery.github.io/html/missing-number-math-worksheet-4294.html,https://mathworksheetgallery.github.io/images/missing-number-math-worksheet-4294.jpg,Elementary Math Activities,03/25/2026 11:07:00 AM
Mixed Operations Math Worksheet,Free printable Mixed Operations worksheet for Grade 3. Perfect for homeschool practice and classroom activities.,https://mathworksheetgallery.github.io/html/mixed-operations-math-worksheet-6927.html,https://mathworksheetgallery.github.io/images/mixed-operations-math-worksheet-6927.jpg,Homeschool Math,03/25/2026 01:36:00 PM
Printable Free 13 Multiplication Math Worksheet For Grade 2 - Part 44 | Printable Practice,Teachers and parents love this Multiplication worksheet for Grade 2. Download and print instantly.,https://mathworksheetgallery.github.io/html/printable-free-13-multiplication-math-worksheet-for-grade-2-part-44-6661.html,https://mathworksheetgallery.github.io/images/printable-free-13-multiplication-math-worksheet-for-grade-2-part-44-6661.jpg,Math Practice Printables,03/25/2026 04:25:00 PM
Free 29 Subtraction Math Worksheet For Grade 3 - Part 45 | Printable Practice,Fun and engaging Subtraction worksheet for Grade 3. Perfect printable math practice.,https://mathworksheetgallery.github.io/html/free-29-subtraction-math-worksheet-for-grade-3-part-45-5538.html,https://mathworksheetgallery.github.io/images/free-29-subtraction-math-worksheet-for-grade-3-part-45-5538.jpg,Math Practice Printables,03/25/2026 08:28:00 PM
Grade 3 Multiplication Table 6 Practice - Part 46 | Printable Practice,Printable Times Table worksheet designed for Grade 3 students. Easy and fun math practice.,https://mathworksheetgallery.github.io/html/grade-3-multiplication-table-6-practice-part-46-4103.html,https://mathworksheetgallery.github.io/images/grade-3-multiplication-table-6-practice-part-46-4103.jpg,Homeschool Math,03/26/2026 08:29:00 AM
Printable Tracing Worksheet For Kids - Part 47 | Free Printable,Printable Tracing worksheet designed for Preschool students. Easy and fun math practice.,https://mathworksheetgallery.github.io/html/printable-tracing-worksheet-for-kids-part-47-9516.html,https://mathworksheetgallery.github.io/images/printable-tracing-worksheet-for-kids-part-47-9516.jpg,Math Practice Printables,03/26/2026 11:00:00 AM
Math Word Problem Worksheet,Fun and engaging Word Problem worksheet for Grade 3. Perfect printable math practice.,https://mathworksheetgallery.github.io/html/math-word-problem-worksheet-8776.html,https://mathworksheetgallery.github.io/images/math-word-problem-worksheet-8776.jpg,Printable Worksheets,03/26/2026 01:29:00 PM
Free 14 Addition Math Worksheet For Grade 5 - Part 49 | Printable Practice,Help kids master Addition with this printable worksheet for Grade 5. Great for daily math practice.,https://mathworksheetgallery.github.io/html/free-14-addition-math-worksheet-for-grade-5-part-49-6697.html,https://mathworksheetgallery.github.io/images/free-14-addition-math-worksheet-for-grade-5-part-49-6697.jpg,Kids Math Worksheets,03/26/2026 04:33:00 PM
Printable Count and Color Worksheet for Grade 1 Kids,Teachers and parents love this Count and Color worksheet for Grade 1. Download and print instantly.,https://mathworksheetgallery.github.io/html/printable-count-and-color-worksheet-for-grade-1-kids-4994.html,https://mathworksheetgallery.github.io/images/printable-count-and-color-worksheet-for-grade-1-kids-4994.jpg,Kids Math Worksheets,03/26/2026 08:27:00 PM
Pre-K Count The Objects Worksheet - Part 51 | Printable Practice,Printable Counting Objects worksheet designed for Pre-K students. Easy and fun math practice.,https://mathworksheetgallery.github.io/html/pre-k-count-the-objects-worksheet-part-51-6829.html,https://mathworksheetgallery.github.io/images/pre-k-count-the-objects-worksheet-part-51-6829.jpg,Math Practice Printables,03/27/2026 08:30:00 AM
Free 19 Division Math Worksheet For Grade 2 - Part 52 | Printable Practice,Printable Division worksheet designed for Grade 2 students. Easy and fun math practice.,https://mathworksheetgallery.github.io/html/free-19-division-math-worksheet-for-grade-2-part-52-5505.html,https://mathworksheetgallery.github.io/images/free-19-division-math-worksheet-for-grade-2-part-52-5505.jpg,Homeschool Math,03/27/2026 11:07:00 AM
Printable Math Challenge Worksheet,Free printable Math worksheet for Math. Perfect for homeschool practice and classroom activities.,https://mathworksheetgallery.github.io/html/printable-math-challenge-worksheet-8943.html,https://mathworksheetgallery.github.io/images/printable-math-challenge-worksheet-8943.jpg,Homeschool Math,03/27/2026 01:34:00 PM
Missing Number Math Worksheet,Teachers and parents love this Missing Number worksheet for Grade 1. Download and print instantly.,https://mathworksheetgallery.github.io/html/missing-number-math-worksheet-6221.html,https://mathworksheetgallery.github.io/images/missing-number-math-worksheet-6221.jpg,Math Practice Printables,03/27/2026 04:36:00 PM
Mixed Operations Math Worksheet,Printable Mixed Operations worksheet designed for Grade 3 students. Easy and fun math practice.,https://mathworksheetgallery.github.io/html/mixed-operations-math-worksheet-2838.html,https://mathworksheetgallery.github.io/images/mixed-operations-math-worksheet-2838.jpg,Kids Math Worksheets,03/27/2026 08:30:00 PM
Free 11 Multiplication Math Worksheet For Grade 1 With Answers - Part 56 | Printable Practice,Free printable Multiplication worksheet for Grade 1. Perfect for homeschool practice and classroom activities.,https://mathworksheetgallery.github.io/html/free-11-multiplication-math-worksheet-for-grade-1-with-answers-part-56-1251.html,https://mathworksheetgallery.github.io/images/free-11-multiplication-math-worksheet-for-grade-1-with-answers-part-56-1251.jpg,Kids Math Worksheets,03/28/2026 08:36:00 AM
Free 28 Subtraction Math Worksheet For Grade 3 With Answers - Part 57 | Printable Practice,Help kids master Subtraction with this printable worksheet for Grade 3. Great for daily math practice.,https://mathworksheetgallery.github.io/html/free-28-subtraction-math-worksheet-for-grade-3-with-answers-part-57-8045.html,https://mathworksheetgallery.github.io/images/free-28-subtraction-math-worksheet-for-grade-3-with-answers-part-57-8045.jpg,Homeschool Math,03/28/2026 11:00:00 AM
3 Times Table Worksheet For Grade 2 - Part 58 | Printable Practice,Printable Times Table worksheet designed for Grade 2 students. Easy and fun math practice.,https://mathworksheetgallery.github.io/html/3-times-table-worksheet-for-grade-2-part-58-3299.html,https://mathworksheetgallery.github.io/images/3-times-table-worksheet-for-grade-2-part-58-3299.jpg,Kids Math Worksheets,03/28/2026 01:36:00 PM
Printable Tracing Worksheet For Kids - Part 59 | Free Printable,Printable Tracing worksheet designed for Kindergarten students. Easy and fun math practice.,https://mathworksheetgallery.github.io/html/printable-tracing-worksheet-for-kids-part-59-3653.html,https://mathworksheetgallery.github.io/images/printable-tracing-worksheet-for-kids-part-59-3653.jpg,Elementary Math Activities,03/28/2026 04:34:00 PM
Math Word Problem Worksheet,Teachers and parents love this Word Problem worksheet for Grade 3. Download and print instantly.,https://mathworksheetgallery.github.io/html/math-word-problem-worksheet-4176.html,https://mathworksheetgallery.github.io/images/math-word-problem-worksheet-4176.jpg,Kids Math Worksheets,03/28/2026 08:32:00 PM
Printable Free 20 Addition Math Worksheet For Grade 1 - Part 61 | Printable Practice,Free printable Addition worksheet for Grade 1. Perfect for homeschool practice and classroom activities.,https://mathworksheetgallery.github.io/html/printable-free-20-addition-math-worksheet-for-grade-1-part-61-8631.html,https://mathworksheetgallery.github.io/images/printable-free-20-addition-math-worksheet-for-grade-1-part-61-8631.jpg,Math Practice Printables,03/29/2026 08:38:00 AM
Grade 1 Count and Color Shapes Worksheet,Teachers and parents love this Count and Color worksheet for Grade 1. Download and print instantly.,https://mathworksheetgallery.github.io/html/grade-1-count-and-color-shapes-worksheet-5017.html,https://mathworksheetgallery.github.io/images/grade-1-count-and-color-shapes-worksheet-5017.jpg,Elementary Math Activities,03/29/2026 11:00:00 AM
Kindergarten Count The Objects Worksheet - Part 63 | Printable Practice,Teachers and parents love this Counting Objects worksheet for Kindergarten. Download and print instantly.,https://mathworksheetgallery.github.io/html/kindergarten-count-the-objects-worksheet-part-63-1517.html,https://mathworksheetgallery.github.io/images/kindergarten-count-the-objects-worksheet-part-63-1517.jpg,Homeschool Math,03/29/2026 01:30:00 PM
Free 13 Division Math Worksheet For Grade 2 With Answers - Part 64 | Printable Practice,Free printable Division worksheet for Grade 2. Perfect for homeschool practice and classroom activities.,https://mathworksheetgallery.github.io/html/free-13-division-math-worksheet-for-grade-2-with-answers-part-64-4435.html,https://mathworksheetgallery.github.io/images/free-13-division-math-worksheet-for-grade-2-with-answers-part-64-4435.jpg,Printable Worksheets,03/29/2026 04:34:00 PM
Printable Math Challenge for Students (7 Questions),Help kids master Math with this printable worksheet for Math. Great for daily math practice.,https://mathworksheetgallery.github.io/html/printable-math-challenge-for-students-7-questions-4641.html,https://mathworksheetgallery.github.io/images/printable-math-challenge-for-students-7-questions-4641.jpg,Kids Math Worksheets,03/29/2026 08:27:00 PM
Missing Number Math Worksheet,Fun and engaging Missing Number worksheet for Grade 1. Perfect printable math practice.,https://mathworksheetgallery.github.io/html/missing-number-math-worksheet-2125.html,https://mathworksheetgallery.github.io/images/missing-number-math-worksheet-2125.jpg,Math Practice Printables,03/30/2026 08:36:00 AM
Mixed Operations Math Worksheet,Fun and engaging Mixed Operations worksheet for Grade 3. Perfect printable math practice.,https://mathworksheetgallery.github.io/html/mixed-operations-math-worksheet-9917.html,https://mathworksheetgallery.github.io/images/mixed-operations-math-worksheet-9917.jpg,Elementary Math Activities,03/30/2026 11:03:00 AM
Free 28 Multiplication Math Worksheet For Grade 1 - Part 68 | Printable Practice,Free printable Multiplication worksheet for Grade 1. Perfect for homeschool practice and classroom activities.,https://mathworksheetgallery.github.io/html/free-28-multiplication-math-worksheet-for-grade-1-part-68-7722.html,https://mathworksheetgallery.github.io/images/free-28-multiplication-math-worksheet-for-grade-1-part-68-7722.jpg,Kids Math Worksheets,03/30/2026 01:25:00 PM
Free 30 Subtraction Math Worksheet For Grade 3 - Part 69 | Printable Practice,Teachers and parents love this Subtraction worksheet for Grade 3. Download and print instantly.,https://mathworksheetgallery.github.io/html/free-30-subtraction-math-worksheet-for-grade-3-part-69-6365.html,https://mathworksheetgallery.github.io/images/free-30-subtraction-math-worksheet-for-grade-3-part-69-6365.jpg,Homeschool Math,03/30/2026 04:37:00 PM
2 Times Table Worksheet For Grade 2 With Answers - Part 70 | Printable Practice,Printable Times Table worksheet designed for Grade 2 students. Easy and fun math practice.,https://mathworksheetgallery.github.io/html/2-times-table-worksheet-for-grade-2-with-answers-part-70-2822.html,https://mathworksheetgallery.github.io/images/2-times-table-worksheet-for-grade-2-with-answers-part-70-2822.jpg,Math Practice Printables,03/30/2026 08:30:00 PM
Printable Tracing Worksheet For Kids - Part 71 | Free Printable,Printable Tracing worksheet designed for Kindergarten students. Easy and fun math practice.,https://mathworksheetgallery.github.io/html/printable-tracing-worksheet-for-kids-part-71-3653.html,https://mathworksheetgallery.github.io/images/printable-tracing-worksheet-for-kids-part-71-3653.jpg,Homeschool Math,03/31/2026 08:29:00 AM
Math Word Problem Worksheet,Printable Word Problem worksheet designed for Grade 3 students. Easy and fun math practice.,https://mathworksheetgallery.github.io/html/math-word-problem-worksheet-6149.html,https://mathworksheetgallery.github.io/images/math-word-problem-worksheet-6149.jpg,Kids Math Worksheets,03/31/2026 11:00:00 AM
Grade 5 Addition Practice Worksheet (15 Problems) - Part 73 | Printable Practice,Teachers and parents love this Addition worksheet for Grade 5. Download and print instantly.,https://mathworksheetgallery.github.io/html/grade-5-addition-practice-worksheet-15-problems-part-73-2774.html,https://mathworksheetgallery.github.io/images/grade-5-addition-practice-worksheet-15-problems-part-73-2774.jpg,Kids Math Worksheets,03/31/2026 01:25:00 PM
Printable Count and Color Worksheet for Kindergarten Kids,Help kids master Count and Color with this printable worksheet for Kindergarten. Great for daily math practice.,https://mathworksheetgallery.github.io/html/printable-count-and-color-worksheet-for-kindergarten-kids-2699.html,https://mathworksheetgallery.github.io/images/printable-count-and-color-worksheet-for-kindergarten-kids-2699.jpg,Math Practice Printables,03/31/2026 04:23:00 PM
Free Counting Objects Worksheet For Kindergarten Printable - Part 75 | Printable Practice,Help kids master Counting Objects with this printable worksheet for Kindergarten. Great for daily math practice.,https://mathworksheetgallery.github.io/html/free-counting-objects-worksheet-for-kindergarten-printable-part-75-6518.html,https://mathworksheetgallery.github.io/images/free-counting-objects-worksheet-for-kindergarten-printable-part-75-6518.jpg,Kids Math Worksheets,03/31/2026 08:32:00 PM
Grade 2 Division Practice Worksheet (22 Problems) - Part 76 | Printable Practice,Printable Division worksheet designed for Grade 2 students. Easy and fun math practice.,https://mathworksheetgallery.github.io/html/grade-2-division-practice-worksheet-22-problems-part-76-9247.html,https://mathworksheetgallery.github.io/images/grade-2-division-practice-worksheet-22-problems-part-76-9247.jpg,Elementary Math Activities,04/01/2026 08:29:00 AM
Ultimate Math Challenge Test Worksheet for Practice,Fun and engaging Math worksheet for Math. Perfect printable math practice.,https://mathworksheetgallery.github.io/html/ultimate-math-challenge-test-worksheet-for-practice-7343.html,https://mathworksheetgallery.github.io/images/ultimate-math-challenge-test-worksheet-for-practice-7343.jpg,Math Practice Printables,04/01/2026 11:00:00 AM
Missing Number Math Worksheet,Help kids master Missing Number with this printable worksheet for Grade 1. Great for daily math practice.,https://mathworksheetgallery.github.io/html/missing-number-math-worksheet-7739.html,https://mathworksheetgallery.github.io/images/missing-number-math-worksheet-7739.jpg,Math Practice Printables,04/01/2026 01:32:00 PM
Mixed Operations Math Worksheet,Printable Mixed Operations worksheet designed for Grade 3 students. Easy and fun math practice.,https://mathworksheetgallery.github.io/html/mixed-operations-math-worksheet-1689.html,https://mathworksheetgallery.github.io/images/mixed-operations-math-worksheet-1689.jpg,Kids Math Worksheets,04/01/2026 04:29:00 PM
Grade 1 Multiplication Practice Worksheet (16 Problems) - Part 80 | Printable Practice,Printable Multiplication worksheet designed for Grade 1 students. Easy and fun math practice.,https://mathworksheetgallery.github.io/html/grade-1-multiplication-practice-worksheet-16-problems-part-80-8627.html,https://mathworksheetgallery.github.io/images/grade-1-multiplication-practice-worksheet-16-problems-part-80-8627.jpg,Homeschool Math,04/01/2026 08:35:00 PM
Free 27 Subtraction Math Worksheet For Grade 5 With Answers - Part 81 | Printable Practice,Teachers and parents love this Subtraction worksheet for Grade 5. Download and print instantly.,https://mathworksheetgallery.github.io/html/free-27-subtraction-math-worksheet-for-grade-5-with-answers-part-81-2609.html,https://mathworksheetgallery.github.io/images/free-27-subtraction-math-worksheet-for-grade-5-with-answers-part-81-2609.jpg,Printable Worksheets,04/02/2026 08:35:00 AM
9 Times Table Worksheet For Grade 3 With Answers - Part 82 | Printable Practice,Printable Times Table worksheet designed for Grade 3 students. Easy and fun math practice.,https://mathworksheetgallery.github.io/html/9-times-table-worksheet-for-grade-3-with-answers-part-82-2563.html,https://mathworksheetgallery.github.io/images/9-times-table-worksheet-for-grade-3-with-answers-part-82-2563.jpg,Math Practice Printables,04/02/2026 11:00:00 AM
Printable Tracing Worksheet For Kids - Part 83 | Free Printable,Teachers and parents love this Tracing worksheet for Preschool. Download and print instantly.,https://mathworksheetgallery.github.io/html/printable-tracing-worksheet-for-kids-part-83-7258.html,https://mathworksheetgallery.github.io/images/printable-tracing-worksheet-for-kids-part-83-7258.jpg,Kids Math Worksheets,04/02/2026 01:27:00 PM
Math Word Problem Worksheet,Free printable Word Problem worksheet for Grade 3. Perfect for homeschool practice and classroom activities.,https://mathworksheetgallery.github.io/html/math-word-problem-worksheet-2631.html,https://mathworksheetgallery.github.io/images/math-word-problem-worksheet-2631.jpg,Printable Worksheets,04/02/2026 04:27:00 PM
Printable Free 13 Addition Math Worksheet For Grade 1 - Part 85 | Printable Practice,Printable Addition worksheet designed for Grade 1 students. Easy and fun math practice.,https://mathworksheetgallery.github.io/html/printable-free-13-addition-math-worksheet-for-grade-1-part-85-3871.html,https://mathworksheetgallery.github.io/images/printable-free-13-addition-math-worksheet-for-grade-1-part-85-3871.jpg,Kids Math Worksheets,04/02/2026 08:32:00 PM
Preschool Count and Color Shapes Worksheet,Fun and engaging Count and Color worksheet for Preschool. Perfect printable math practice.,https://mathworksheetgallery.github.io/html/preschool-count-and-color-shapes-worksheet-9439.html,https://mathworksheetgallery.github.io/images/preschool-count-and-color-shapes-worksheet-9439.jpg,Printable Worksheets,04/03/2026 08:34:00 AM
Free Counting Objects Worksheet For Pre-K - Part 87 | Printable Practice,Help kids master Counting Objects with this printable worksheet for Pre-K. Great for daily math practice.,https://mathworksheetgallery.github.io/html/free-counting-objects-worksheet-for-pre-k-part-87-6856.html,https://mathworksheetgallery.github.io/images/free-counting-objects-worksheet-for-pre-k-part-87-6856.jpg,Kids Math Worksheets,04/03/2026 11:05:00 AM
Free 12 Division Math Worksheet For Grade 2 With Answers - Part 88 | Printable Practice,Teachers and parents love this Division worksheet for Grade 2. Download and print instantly.,https://mathworksheetgallery.github.io/html/free-12-division-math-worksheet-for-grade-2-with-answers-part-88-4797.html,https://mathworksheetgallery.github.io/images/free-12-division-math-worksheet-for-grade-2-with-answers-part-88-4797.jpg,Printable Worksheets,04/03/2026 01:34:00 PM
Free Printable Mathematics Practice Practice Worksheet for Study,Printable Math worksheet designed for Math students. Easy and fun math practice.,https://mathworksheetgallery.github.io/html/free-printable-mathematics-practice-practice-worksheet-for-study-3537.html,https://mathworksheetgallery.github.io/images/free-printable-mathematics-practice-practice-worksheet-for-study-3537.jpg,Math Practice Printables,04/03/2026 04:38:00 PM
Missing Number Math Worksheet,Free printable Missing Number worksheet for Grade 1. Perfect for homeschool practice and classroom activities.,https://mathworksheetgallery.github.io/html/missing-number-math-worksheet-3402.html,https://mathworksheetgallery.github.io/images/missing-number-math-worksheet-3402.jpg,Math Practice Printables,04/03/2026 08:34:00 PM
Mixed Operations Math Worksheet,Free printable Mixed Operations worksheet for Grade 3. Perfect for homeschool practice and classroom activities.,https://mathworksheetgallery.github.io/html/mixed-operations-math-worksheet-4404.html,https://mathworksheetgallery.github.io/images/mixed-operations-math-worksheet-4404.jpg,Homeschool Math,04/04/2026 08:33:00 AM
Free 24 Multiplication Math Worksheet For Grade 2 - Part 92 | Printable Practice,Printable Multiplication worksheet designed for Grade 2 students. Easy and fun math practice.,https://mathworksheetgallery.github.io/html/free-24-multiplication-math-worksheet-for-grade-2-part-92-5363.html,https://mathworksheetgallery.github.io/images/free-24-multiplication-math-worksheet-for-grade-2-part-92-5363.jpg,Homeschool Math,04/04/2026 11:00:00 AM
Grade 2 Subtraction Practice Worksheet (12 Problems) - Part 93 | Printable Practice,Teachers and parents love this Subtraction worksheet for Grade 2. Download and print instantly.,https://mathworksheetgallery.github.io/html/grade-2-subtraction-practice-worksheet-12-problems-part-93-4809.html,https://mathworksheetgallery.github.io/images/grade-2-subtraction-practice-worksheet-12-problems-part-93-4809.jpg,Printable Worksheets,04/04/2026 01:36:00 PM
7 Times Table Worksheet For Grade 3 - Part 94 | Printable Practice,Teachers and parents love this Times Table worksheet for Grade 3. Download and print instantly.,https://mathworksheetgallery.github.io/html/7-times-table-worksheet-for-grade-3-part-94-4141.html,https://mathworksheetgallery.github.io/images/7-times-table-worksheet-for-grade-3-part-94-4141.jpg,Homeschool Math,04/04/2026 04:30:00 PM
Printable Tracing Worksheet For Kids - Part 95 | Free Printable,Fun and engaging Tracing worksheet for Kindergarten. Perfect printable math practice.,https://mathworksheetgallery.github.io/html/printable-tracing-worksheet-for-kids-part-95-8205.html,https://mathworksheetgallery.github.io/images/printable-tracing-worksheet-for-kids-part-95-8205.jpg,Elementary Math Activities,04/04/2026 08:31:00 PM
Math Word Problem Worksheet,Free printable Word Problem worksheet for Grade 3. Perfect for homeschool practice and classroom activities.,https://mathworksheetgallery.github.io/html/math-word-problem-worksheet-1663.html,https://mathworksheetgallery.github.io/images/math-word-problem-worksheet-1663.jpg,Math Practice Printables,04/05/2026 08:24:00 AM
Grade 5 Addition Practice Worksheet (17 Problems) - Part 97 | Printable Practice,Teachers and parents love this Addition worksheet for Grade 5. Download and print instantly.,https://mathworksheetgallery.github.io/html/grade-5-addition-practice-worksheet-17-problems-part-97-3809.html,https://mathworksheetgallery.github.io/images/grade-5-addition-practice-worksheet-17-problems-part-97-3809.jpg,Elementary Math Activities,04/05/2026 11:00:00 AM
Printable Count and Color Worksheet for Kindergarten Kids,Help kids master Count and Color with this printable worksheet for Kindergarten. Great for daily math practice.,https://mathworksheetgallery.github.io/html/printable-count-and-color-worksheet-for-kindergarten-kids-3295.html,https://mathworksheetgallery.github.io/images/printable-count-and-color-worksheet-for-kindergarten-kids-3295.jpg,Kids Math Worksheets,04/05/2026 01:35:00 PM
Free Counting Objects Worksheet For Kindergarten Printable - Part 99 | Printable Practice,Teachers and parents love this Counting Objects worksheet for Kindergarten. Download and print instantly.,https://mathworksheetgallery.github.io/html/free-counting-objects-worksheet-for-kindergarten-printable-part-99-8012.html,https://mathworksheetgallery.github.io/images/free-counting-objects-worksheet-for-kindergarten-printable-part-99-8012.jpg,Kids Math Worksheets,04/05/2026 04:35:00 PM
Free 17 Division Math Worksheet For Grade 2 - Part 100 | Printable Practice,Fun and engaging Division worksheet for Grade 2. Perfect printable math practice.,https://mathworksheetgallery.github.io/html/free-17-division-math-worksheet-for-grade-2-part-100-8996.html,https://mathworksheetgallery.github.io/images/free-17-division-math-worksheet-for-grade-2-part-100-8996.jpg,Kids Math Worksheets,04/05/2026 08:34:00 PM
7 Math Knowledge Test Practice Worksheet,Printable Math worksheet designed for Math students. Easy and fun math practice.,https://mathworksheetgallery.github.io/html/7-math-knowledge-test-practice-worksheet-9524.html,https://mathworksheetgallery.github.io/images/7-math-knowledge-test-practice-worksheet-9524.jpg,Elementary Math Activities,04/06/2026 08:29:00 AM
Missing Number Math Worksheet,Teachers and parents love this Missing Number worksheet for Grade 1. Download and print instantly.,https://mathworksheetgallery.github.io/html/missing-number-math-worksheet-5285.html,https://mathworksheetgallery.github.io/images/missing-number-math-worksheet-5285.jpg,Homeschool Math,04/06/2026 11:00:00 AM
Mixed Operations Math Worksheet,Help kids master Mixed Operations with this printable worksheet for Grade 3. Great for daily math practice.,https://mathworksheetgallery.github.io/html/mixed-operations-math-worksheet-5953.html,https://mathworksheetgallery.github.io/images/mixed-operations-math-worksheet-5953.jpg,Homeschool Math,04/06/2026 01:33:00 PM
Free 26 Multiplication Math Worksheet For Grade 2 With Answers - Part 104 | Printable Practice,Teachers and parents love this Multiplication worksheet for Grade 2. Download and print instantly.,https://mathworksheetgallery.github.io/html/free-26-multiplication-math-worksheet-for-grade-2-with-answers-part-104-8637.html,https://mathworksheetgallery.github.io/images/free-26-multiplication-math-worksheet-for-grade-2-with-answers-part-104-8637.jpg,Homeschool Math,04/06/2026 04:31:00 PM
Free 16 Subtraction Math Worksheet For Grade 2 - Part 105 | Printable Practice,Free printable Subtraction worksheet for Grade 2. Perfect for homeschool practice and classroom activities.,https://mathworksheetgallery.github.io/html/free-16-subtraction-math-worksheet-for-grade-2-part-105-3115.html,https://mathworksheetgallery.github.io/images/free-16-subtraction-math-worksheet-for-grade-2-part-105-3115.jpg,Homeschool Math,04/06/2026 08:38:00 PM
Grade 4 Multiplication Table 11 Practice - Part 106 | Printable Practice,Printable Times Table worksheet designed for Grade 4 students. Easy and fun math practice.,https://mathworksheetgallery.github.io/html/grade-4-multiplication-table-11-practice-part-106-3723.html,https://mathworksheetgallery.github.io/images/grade-4-multiplication-table-11-practice-part-106-3723.jpg,Printable Worksheets,04/07/2026 08:31:00 AM
Printable Tracing Worksheet For Kids - Part 107 | Free Printable,Fun and engaging Tracing worksheet for Kindergarten. Perfect printable math practice.,https://mathworksheetgallery.github.io/html/printable-tracing-worksheet-for-kids-part-107-4386.html,https://mathworksheetgallery.github.io/images/printable-tracing-worksheet-for-kids-part-107-4386.jpg,Math Practice Printables,04/07/2026 11:00:00 AM
Math Word Problem Worksheet,Printable Word Problem worksheet designed for Grade 3 students. Easy and fun math practice.,https://mathworksheetgallery.github.io/html/math-word-problem-worksheet-7053.html,https://mathworksheetgallery.github.io/images/math-word-problem-worksheet-7053.jpg,Kids Math Worksheets,04/07/2026 01:23:00 PM
Printable Free 26 Addition Math Worksheet For Grade 3 - Part 109 | Printable Practice,Help kids master Addition with this printable worksheet for Grade 3. Great for daily math practice.,https://mathworksheetgallery.github.io/html/printable-free-26-addition-math-worksheet-for-grade-3-part-109-6597.html,https://mathworksheetgallery.github.io/images/printable-free-26-addition-math-worksheet-for-grade-3-part-109-6597.jpg,Kids Math Worksheets,04/07/2026 04:29:00 PM
Free Kindergarten Count and Color Worksheet,Help kids master Count and Color with this printable worksheet for Kindergarten. Great for daily math practice.,https://mathworksheetgallery.github.io/html/free-kindergarten-count-and-color-worksheet-7580.html,https://mathworksheetgallery.github.io/images/free-kindergarten-count-and-color-worksheet-7580.jpg,Homeschool Math,04/07/2026 08:32:00 PM
Learn Counting With Pictures Worksheet (Kindergarten) - Part 111 | Printable Practice,Free printable Counting Objects worksheet for Kindergarten. Perfect for homeschool practice and classroom activities.,https://mathworksheetgallery.github.io/html/learn-counting-with-pictures-worksheet-kindergarten-part-111-8904.html,https://mathworksheetgallery.github.io/images/learn-counting-with-pictures-worksheet-kindergarten-part-111-8904.jpg,Elementary Math Activities,04/08/2026 08:32:00 AM
Free 28 Division Math Worksheet For Grade 1 With Answers - Part 112 | Printable Practice,Help kids master Division with this printable worksheet for Grade 1. Great for daily math practice.,https://mathworksheetgallery.github.io/html/free-28-division-math-worksheet-for-grade-1-with-answers-part-112-5743.html,https://mathworksheetgallery.github.io/images/free-28-division-math-worksheet-for-grade-1-with-answers-part-112-5743.jpg,Math Practice Printables,04/08/2026 11:00:00 AM
Printable Math Skill Test Worksheet (4 Questions),Teachers and parents love this Math worksheet for Math. Download and print instantly.,https://mathworksheetgallery.github.io/html/printable-math-skill-test-worksheet-4-questions-8914.html,https://mathworksheetgallery.github.io/images/printable-math-skill-test-worksheet-4-questions-8914.jpg,Printable Worksheets,04/08/2026 01:31:00 PM
Missing Number Math Worksheet,Teachers and parents love this Missing Number worksheet for Grade 1. Download and print instantly.,https://mathworksheetgallery.github.io/html/missing-number-math-worksheet-6193.html,https://mathworksheetgallery.github.io/images/missing-number-math-worksheet-6193.jpg,Math Practice Printables,04/08/2026 04:38:00 PM
Mixed Operations Math Worksheet,Printable Mixed Operations worksheet designed for Grade 3 students. Easy and fun math practice.,https://mathworksheetgallery.github.io/html/mixed-operations-math-worksheet-1073.html,https://mathworksheetgallery.github.io/images/mixed-operations-math-worksheet-1073.jpg,Kids Math Worksheets,04/08/2026 08:37:00 PM
Printable Free 16 Multiplication Math Worksheet For Grade 2 - Part 116 | Printable Practice,Teachers and parents love this Multiplication worksheet for Grade 2. Download and print instantly.,https://mathworksheetgallery.github.io/html/printable-free-16-multiplication-math-worksheet-for-grade-2-part-116-5812.html,https://mathworksheetgallery.github.io/images/printable-free-16-multiplication-math-worksheet-for-grade-2-part-116-5812.jpg,Elementary Math Activities,04/09/2026 08:31:00 AM
Grade 2 Subtraction Practice Worksheet (16 Problems) - Part 117 | Printable Practice,Teachers and parents love this Subtraction worksheet for Grade 2. Download and print instantly.,https://mathworksheetgallery.github.io/html/grade-2-subtraction-practice-worksheet-16-problems-part-117-3805.html,https://mathworksheetgallery.github.io/images/grade-2-subtraction-practice-worksheet-16-problems-part-117-3805.jpg,Kids Math Worksheets,04/09/2026 11:04:00 AM
Grade 3 Multiplication Table 9 Practice - Part 118 | Printable Practice,Fun and engaging Times Table worksheet for Grade 3. Perfect printable math practice.,https://mathworksheetgallery.github.io/html/grade-3-multiplication-table-9-practice-part-118-9933.html,https://mathworksheetgallery.github.io/images/grade-3-multiplication-table-9-practice-part-118-9933.jpg,Elementary Math Activities,04/09/2026 01:23:00 PM
Printable Tracing Worksheet For Kids - Part 119 | Free Printable,Printable Tracing worksheet designed for Preschool students. Easy and fun math practice.,https://mathworksheetgallery.github.io/html/printable-tracing-worksheet-for-kids-part-119-6598.html,https://mathworksheetgallery.github.io/images/printable-tracing-worksheet-for-kids-part-119-6598.jpg,Kids Math Worksheets,04/09/2026 04:36:00 PM
Math Word Problem Worksheet,Teachers and parents love this Word Problem worksheet for Grade 3. Download and print instantly.,https://mathworksheetgallery.github.io/html/math-word-problem-worksheet-7283.html,https://mathworksheetgallery.github.io/images/math-word-problem-worksheet-7283.jpg,Homeschool Math,04/09/2026 08:33:00 PM
Free 23 Addition Math Worksheet For Grade 3 With Answers - Part 121 | Printable Practice,Teachers and parents love this Addition worksheet for Grade 3. Download and print instantly.,https://mathworksheetgallery.github.io/html/free-23-addition-math-worksheet-for-grade-3-with-answers-part-121-5855.html,https://mathworksheetgallery.github.io/images/free-23-addition-math-worksheet-for-grade-3-with-answers-part-121-5855.jpg,Kids Math Worksheets,04/10/2026 08:29:00 AM
3 Free Count and Color Worksheets for Grade 1,Teachers and parents love this Count and Color worksheet for Grade 1. Download and print instantly.,https://mathworksheetgallery.github.io/html/3-free-count-and-color-worksheets-for-grade-1-1406.html,https://mathworksheetgallery.github.io/images/3-free-count-and-color-worksheets-for-grade-1-1406.jpg,Homeschool Math,04/10/2026 11:08:00 AM
Free Counting Objects Worksheet For Kindergarten Printable - Part 123 | Printable Practice,Printable Counting Objects worksheet designed for Kindergarten students. Easy and fun math practice.,https://mathworksheetgallery.github.io/html/free-counting-objects-worksheet-for-kindergarten-printable-part-123-2167.html,https://mathworksheetgallery.github.io/images/free-counting-objects-worksheet-for-kindergarten-printable-part-123-2167.jpg,Homeschool Math,04/10/2026 01:31:00 PM
Free 21 Division Math Worksheet For Grade 2 With Answers - Part 124 | Printable Practice,Help kids master Division with this printable worksheet for Grade 2. Great for daily math practice.,https://mathworksheetgallery.github.io/html/free-21-division-math-worksheet-for-grade-2-with-answers-part-124-6442.html,https://mathworksheetgallery.github.io/images/free-21-division-math-worksheet-for-grade-2-with-answers-part-124-6442.jpg,Elementary Math Activities,04/10/2026 04:35:00 PM
Practice Math Skill Test Worksheet,Printable Math worksheet designed for Math students. Easy and fun math practice.,https://mathworksheetgallery.github.io/html/practice-math-skill-test-worksheet-8159.html,https://mathworksheetgallery.github.io/images/practice-math-skill-test-worksheet-8159.jpg,Elementary Math Activities,04/10/2026 08:37:00 PM
Missing Number Math Worksheet,Teachers and parents love this Missing Number worksheet for Grade 1. Download and print instantly.,https://mathworksheetgallery.github.io/html/missing-number-math-worksheet-2151.html,https://mathworksheetgallery.github.io/images/missing-number-math-worksheet-2151.jpg,Math Practice Printables,04/11/2026 08:28:00 AM
Mixed Operations Math Worksheet,Printable Mixed Operations worksheet designed for Grade 3 students. Easy and fun math practice.,https://mathworksheetgallery.github.io/html/mixed-operations-math-worksheet-3069.html,https://mathworksheetgallery.github.io/images/mixed-operations-math-worksheet-3069.jpg,Kids Math Worksheets,04/11/2026 11:04:00 AM
Printable Free 16 Multiplication Math Worksheet For Grade 2 - Part 128 | Printable Practice,Printable Multiplication worksheet designed for Grade 2 students. Easy and fun math practice.,https://mathworksheetgallery.github.io/html/printable-free-16-multiplication-math-worksheet-for-grade-2-part-128-3023.html,https://mathworksheetgallery.github.io/images/printable-free-16-multiplication-math-worksheet-for-grade-2-part-128-3023.jpg,Kids Math Worksheets,04/11/2026 01:27:00 PM
Grade 3 Subtraction Practice Worksheet (14 Problems) - Part 129 | Printable Practice,Help kids master Subtraction with this printable worksheet for Grade 3. Great for daily math practice.,https://mathworksheetgallery.github.io/html/grade-3-subtraction-practice-worksheet-14-problems-part-129-3079.html,https://mathworksheetgallery.github.io/images/grade-3-subtraction-practice-worksheet-14-problems-part-129-3079.jpg,Printable Worksheets,04/11/2026 04:34:00 PM
Grade 3 Multiplication Table 7 Practice - Part 130 | Printable Practice,Fun and engaging Times Table worksheet for Grade 3. Perfect printable math practice.,https://mathworksheetgallery.github.io/html/grade-3-multiplication-table-7-practice-part-130-1835.html,https://mathworksheetgallery.github.io/images/grade-3-multiplication-table-7-practice-part-130-1835.jpg,Printable Worksheets,04/11/2026 08:37:00 PM
Printable Tracing Worksheet For Kids - Part 131 | Free Printable,Printable Tracing worksheet designed for Kindergarten students. Easy and fun math practice.,https://mathworksheetgallery.github.io/html/printable-tracing-worksheet-for-kids-part-131-6672.html,https://mathworksheetgallery.github.io/images/printable-tracing-worksheet-for-kids-part-131-6672.jpg,Math Practice Printables,04/12/2026 08:31:00 AM
Math Word Problem Worksheet,Teachers and parents love this Word Problem worksheet for Grade 3. Download and print instantly.,https://mathworksheetgallery.github.io/html/math-word-problem-worksheet-8356.html,https://mathworksheetgallery.github.io/images/math-word-problem-worksheet-8356.jpg,Kids Math Worksheets,04/12/2026 11:07:00 AM
Printable Free 15 Addition Math Worksheet For Grade 1 - Part 133 | Printable Practice,Help kids master Addition with this printable worksheet for Grade 1. Great for daily math practice.,https://mathworksheetgallery.github.io/html/printable-free-15-addition-math-worksheet-for-grade-1-part-133-1660.html,https://mathworksheetgallery.github.io/images/printable-free-15-addition-math-worksheet-for-grade-1-part-133-1660.jpg,Elementary Math Activities,04/12/2026 01:35:00 PM
Grade 1 Count and Color Shapes Worksheet,Help kids master Count and Color with this printable worksheet for Grade 1. Great for daily math practice.,https://mathworksheetgallery.github.io/html/grade-1-count-and-color-shapes-worksheet-8870.html,https://mathworksheetgallery.github.io/images/grade-1-count-and-color-shapes-worksheet-8870.jpg,Printable Worksheets,04/12/2026 04:32:00 PM
Learn Counting With Pictures Worksheet (Kindergarten) - Part 135 | Printable Practice,Printable Counting Objects worksheet designed for Kindergarten students. Easy and fun math practice.,https://mathworksheetgallery.github.io/html/learn-counting-with-pictures-worksheet-kindergarten-part-135-7356.html,https://mathworksheetgallery.github.io/images/learn-counting-with-pictures-worksheet-kindergarten-part-135-7356.jpg,Elementary Math Activities,04/12/2026 08:29:00 PM
Free 12 Division Math Worksheet For Grade 1 - Part 136 | Printable Practice,Free printable Division worksheet for Grade 1. Perfect for homeschool practice and classroom activities.,https://mathworksheetgallery.github.io/html/free-12-division-math-worksheet-for-grade-1-part-136-2249.html,https://mathworksheetgallery.github.io/images/free-12-division-math-worksheet-for-grade-1-part-136-2249.jpg,Homeschool Math,04/13/2026 08:22:00 AM
Interactive Math Trivia Worksheet,Free printable Math worksheet for Math. Perfect for homeschool practice and classroom activities.,https://mathworksheetgallery.github.io/html/interactive-math-trivia-worksheet-1282.html,https://mathworksheetgallery.github.io/images/interactive-math-trivia-worksheet-1282.jpg,Printable Worksheets,04/13/2026 11:01:00 AM
Missing Number Math Worksheet,Help kids master Missing Number with this printable worksheet for Grade 1. Great for daily math practice.,https://mathworksheetgallery.github.io/html/missing-number-math-worksheet-1333.html,https://mathworksheetgallery.github.io/images/missing-number-math-worksheet-1333.jpg,Math Practice Printables,04/13/2026 01:35:00 PM
Mixed Operations Math Worksheet,Teachers and parents love this Mixed Operations worksheet for Grade 3. Download and print instantly.,https://mathworksheetgallery.github.io/html/mixed-operations-math-worksheet-4731.html,https://mathworksheetgallery.github.io/images/mixed-operations-math-worksheet-4731.jpg,Math Practice Printables,04/13/2026 04:22:00 PM
Printable Free 15 Multiplication Math Worksheet For Grade 1 - Part 140 | Printable Practice,Help kids master Multiplication with this printable worksheet for Grade 1. Great for daily math practice.,https://mathworksheetgallery.github.io/html/printable-free-15-multiplication-math-worksheet-for-grade-1-part-140-9236.html,https://mathworksheetgallery.github.io/images/printable-free-15-multiplication-math-worksheet-for-grade-1-part-140-9236.jpg,Homeschool Math,04/13/2026 08:35:00 PM
Printable Free 17 Subtraction Math Worksheet For Grade 3 - Part 141 | Printable Practice,Free printable Subtraction worksheet for Grade 3. Perfect for homeschool practice and classroom activities.,https://mathworksheetgallery.github.io/html/printable-free-17-subtraction-math-worksheet-for-grade-3-part-141-8597.html,https://mathworksheetgallery.github.io/images/printable-free-17-subtraction-math-worksheet-for-grade-3-part-141-8597.jpg,Math Practice Printables,04/14/2026 08:28:00 AM
Printable 9 Times Table Worksheet For Grade 3 - Part 142 | Printable Practice,Fun and engaging Times Table worksheet for Grade 3. Perfect printable math practice.,https://mathworksheetgallery.github.io/html/printable-9-times-table-worksheet-for-grade-3-part-142-7256.html,https://mathworksheetgallery.github.io/images/printable-9-times-table-worksheet-for-grade-3-part-142-7256.jpg,Kids Math Worksheets,04/14/2026 11:04:00 AM
Printable Tracing Worksheet For Kids - Part 143 | Free Printable,Teachers and parents love this Tracing worksheet for Preschool. Download and print instantly.,https://mathworksheetgallery.github.io/html/printable-tracing-worksheet-for-kids-part-143-5215.html,https://mathworksheetgallery.github.io/images/printable-tracing-worksheet-for-kids-part-143-5215.jpg,Kids Math Worksheets,04/14/2026 01:34:00 PM
Math Word Problem Worksheet,Printable Word Problem worksheet designed for Grade 3 students. Easy and fun math practice.,https://mathworksheetgallery.github.io/html/math-word-problem-worksheet-3815.html,https://mathworksheetgallery.github.io/images/math-word-problem-worksheet-3815.jpg,Kids Math Worksheets,04/14/2026 04:23:00 PM
Grade 1 Addition Practice Worksheet (30 Problems) - Part 145 | Printable Practice,Printable Addition worksheet designed for Grade 1 students. Easy and fun math practice.,https://mathworksheetgallery.github.io/html/grade-1-addition-practice-worksheet-30-problems-part-145-7198.html,https://mathworksheetgallery.github.io/images/grade-1-addition-practice-worksheet-30-problems-part-145-7198.jpg,Homeschool Math,04/14/2026 08:29:00 PM
Free Grade 1 Count and Color Worksheet,Teachers and parents love this Count and Color worksheet for Grade 1. Download and print instantly.,https://mathworksheetgallery.github.io/html/free-grade-1-count-and-color-worksheet-3117.html,https://mathworksheetgallery.github.io/images/free-grade-1-count-and-color-worksheet-3117.jpg,Printable Worksheets,04/15/2026 08:28:00 AM
Free Counting Objects Worksheet For Kindergarten Printable - Part 147 | Printable Practice,Help kids master Counting Objects with this printable worksheet for Kindergarten. Great for daily math practice.,https://mathworksheetgallery.github.io/html/free-counting-objects-worksheet-for-kindergarten-printable-part-147-5014.html,https://mathworksheetgallery.github.io/images/free-counting-objects-worksheet-for-kindergarten-printable-part-147-5014.jpg,Homeschool Math,04/15/2026 11:00:00 AM
Grade 1 Division Practice Worksheet (15 Problems) - Part 148 | Printable Practice,Teachers and parents love this Division worksheet for Grade 1. Download and print instantly.,https://mathworksheetgallery.github.io/html/grade-1-division-practice-worksheet-15-problems-part-148-1016.html,https://mathworksheetgallery.github.io/images/grade-1-division-practice-worksheet-15-problems-part-148-1016.jpg,Kids Math Worksheets,04/15/2026 01:28:00 PM
4 Mathematics Problem Set Practice Worksheet,Free printable Math worksheet for Math. Perfect for homeschool practice and classroom activities.,https://mathworksheetgallery.github.io/html/4-mathematics-problem-set-practice-worksheet-4392.html,https://mathworksheetgallery.github.io/images/4-mathematics-problem-set-practice-worksheet-4392.jpg,Homeschool Math,04/15/2026 04:28:00 PM
Missing Number Math Worksheet,Fun and engaging Missing Number worksheet for Grade 1. Perfect printable math practice.,https://mathworksheetgallery.github.io/html/missing-number-math-worksheet-4939.html,https://mathworksheetgallery.github.io/images/missing-number-math-worksheet-4939.jpg,Math Practice Printables,04/15/2026 08:28:00 PM
Mixed Operations Math Worksheet,Fun and engaging Mixed Operations worksheet for Grade 3. Perfect printable math practice.,https://mathworksheetgallery.github.io/html/mixed-operations-math-worksheet-8711.html,https://mathworksheetgallery.github.io/images/mixed-operations-math-worksheet-8711.jpg,Printable Worksheets,04/16/2026 08:24:00 AM
Printable Free 30 Multiplication Math Worksheet For Grade 2 - Part 152 | Printable Practice,Fun and engaging Multiplication worksheet for Grade 2. Perfect printable math practice.,https://mathworksheetgallery.github.io/html/printable-free-30-multiplication-math-worksheet-for-grade-2-part-152-4852.html,https://mathworksheetgallery.github.io/images/printable-free-30-multiplication-math-worksheet-for-grade-2-part-152-4852.jpg,Printable Worksheets,04/16/2026 11:08:00 AM
Free 15 Subtraction Math Worksheet For Grade 3 With Answers - Part 153 | Printable Practice,Teachers and parents love this Subtraction worksheet for Grade 3. Download and print instantly.,https://mathworksheetgallery.github.io/html/free-15-subtraction-math-worksheet-for-grade-3-with-answers-part-153-8613.html,https://mathworksheetgallery.github.io/images/free-15-subtraction-math-worksheet-for-grade-3-with-answers-part-153-8613.jpg,Elementary Math Activities,04/16/2026 01:30:00 PM
Grade 3 Multiplication Table 9 Practice - Part 154 | Printable Practice,Printable Times Table worksheet designed for Grade 3 students. Easy and fun math practice.,https://mathworksheetgallery.github.io/html/grade-3-multiplication-table-9-practice-part-154-7742.html,https://mathworksheetgallery.github.io/images/grade-3-multiplication-table-9-practice-part-154-7742.jpg,Kids Math Worksheets,04/16/2026 04:30:00 PM
Printable Tracing Worksheet For Kids - Part 155 | Free Printable,Free printable Tracing worksheet for Kindergarten. Perfect for homeschool practice and classroom activities.,https://mathworksheetgallery.github.io/html/printable-tracing-worksheet-for-kids-part-155-9500.html,https://mathworksheetgallery.github.io/images/printable-tracing-worksheet-for-kids-part-155-9500.jpg,Homeschool Math,04/16/2026 08:34:00 PM
Math Word Problem Worksheet,Free printable Word Problem worksheet for Grade 3. Perfect for homeschool practice and classroom activities.,https://mathworksheetgallery.github.io/html/math-word-problem-worksheet-1289.html,https://mathworksheetgallery.github.io/images/math-word-problem-worksheet-1289.jpg,Homeschool Math,04/17/2026 08:35:00 AM
Free 28 Addition Math Worksheet For Grade 1 With Answers - Part 157 | Printable Practice,Fun and engaging Addition worksheet for Grade 1. Perfect printable math practice.,https://mathworksheetgallery.github.io/html/free-28-addition-math-worksheet-for-grade-1-with-answers-part-157-8431.html,https://mathworksheetgallery.github.io/images/free-28-addition-math-worksheet-for-grade-1-with-answers-part-157-8431.jpg,Elementary Math Activities,04/17/2026 11:05:00 AM
"Count and Color Ball, Flower, Star Worksheet for Kids",Help kids master Count and Color with this printable worksheet for Kindergarten. Great for daily math practice.,https://mathworksheetgallery.github.io/html/count-and-color-ball-flower-star-worksheet-for-kids-4367.html,https://mathworksheetgallery.github.io/images/count-and-color-ball-flower-star-worksheet-for-kids-4367.jpg,Kids Math Worksheets,04/17/2026 01:27:00 PM
Learn Counting With Pictures Worksheet (Pre-K) - Part 159 | Printable Practice,Free printable Counting Objects worksheet for Pre-K. Perfect for homeschool practice and classroom activities.,https://mathworksheetgallery.github.io/html/learn-counting-with-pictures-worksheet-pre-k-part-159-4591.html,https://mathworksheetgallery.github.io/images/learn-counting-with-pictures-worksheet-pre-k-part-159-4591.jpg,Kids Math Worksheets,04/17/2026 04:34:00 PM
Free 15 Division Math Worksheet For Grade 2 - Part 160 | Printable Practice,Free printable Division worksheet for Grade 2. Perfect for homeschool practice and classroom activities.,https://mathworksheetgallery.github.io/html/free-15-division-math-worksheet-for-grade-2-part-160-6512.html,https://mathworksheetgallery.github.io/images/free-15-division-math-worksheet-for-grade-2-part-160-6512.jpg,Kids Math Worksheets,04/17/2026 08:29:00 PM
Practice Mathematics Problem Set Worksheet (4 Questions),Help kids master Math with this printable worksheet for Math. Great for daily math practice.,https://mathworksheetgallery.github.io/html/practice-mathematics-problem-set-worksheet-4-questions-3948.html,https://mathworksheetgallery.github.io/images/practice-mathematics-problem-set-worksheet-4-questions-3948.jpg,Kids Math Worksheets,04/18/2026 08:30:00 AM
Missing Number Math Worksheet,Help kids master Missing Number with this printable worksheet for Grade 1. Great for daily math practice.,https://mathworksheetgallery.github.io/html/missing-number-math-worksheet-4720.html,https://mathworksheetgallery.github.io/images/missing-number-math-worksheet-4720.jpg,Kids Math Worksheets,04/18/2026 11:00:00 AM
Mixed Operations Math Worksheet,Printable Mixed Operations worksheet designed for Grade 3 students. Easy and fun math practice.,https://mathworksheetgallery.github.io/html/mixed-operations-math-worksheet-7217.html,https://mathworksheetgallery.github.io/images/mixed-operations-math-worksheet-7217.jpg,Printable Worksheets,04/18/2026 01:37:00 PM
Free 24 Multiplication Math Worksheet For Grade 2 With Answers - Part 164 | Printable Practice,Fun and engaging Multiplication worksheet for Grade 2. Perfect printable math practice.,https://mathworksheetgallery.github.io/html/free-24-multiplication-math-worksheet-for-grade-2-with-answers-part-164-6305.html,https://mathworksheetgallery.github.io/images/free-24-multiplication-math-worksheet-for-grade-2-with-answers-part-164-6305.jpg,Math Practice Printables,04/18/2026 04:38:00 PM
Printable Free 26 Subtraction Math Worksheet For Grade 2 - Part 165 | Printable Practice,Printable Subtraction worksheet designed for Grade 2 students. Easy and fun math practice.,https://mathworksheetgallery.github.io/html/printable-free-26-subtraction-math-worksheet-for-grade-2-part-165-4078.html,https://mathworksheetgallery.github.io/images/printable-free-26-subtraction-math-worksheet-for-grade-2-part-165-4078.jpg,Kids Math Worksheets,04/18/2026 08:34:00 PM
Grade 2 Multiplication Table 2 Practice - Part 166 | Printable Practice,Free printable Times Table worksheet for Grade 2. Perfect for homeschool practice and classroom activities.,https://mathworksheetgallery.github.io/html/grade-2-multiplication-table-2-practice-part-166-9355.html,https://mathworksheetgallery.github.io/images/grade-2-multiplication-table-2-practice-part-166-9355.jpg,Kids Math Worksheets,04/19/2026 08:38:00 AM
Printable Tracing Worksheet For Kids - Part 167 | Free Printable,Fun and engaging Tracing worksheet for Kindergarten. Perfect printable math practice.,https://mathworksheetgallery.github.io/html/printable-tracing-worksheet-for-kids-part-167-2826.html,https://mathworksheetgallery.github.io/images/printable-tracing-worksheet-for-kids-part-167-2826.jpg,Math Practice Printables,04/19/2026 11:05:00 AM
Math Word Problem Worksheet,Fun and engaging Word Problem worksheet for Grade 3. Perfect printable math practice.,https://mathworksheetgallery.github.io/html/math-word-problem-worksheet-5273.html,https://mathworksheetgallery.github.io/images/math-word-problem-worksheet-5273.jpg,Kids Math Worksheets,04/19/2026 01:24:00 PM
Free 29 Addition Math Worksheet For Grade 3 With Answers - Part 169 | Printable Practice,Fun and engaging Addition worksheet for Grade 3. Perfect printable math practice.,https://mathworksheetgallery.github.io/html/free-29-addition-math-worksheet-for-grade-3-with-answers-part-169-6462.html,https://mathworksheetgallery.github.io/images/free-29-addition-math-worksheet-for-grade-3-with-answers-part-169-6462.jpg,Math Practice Printables,04/19/2026 04:24:00 PM
Fun Count and Color Objects Worksheet for Grade 1,Fun and engaging Count and Color worksheet for Grade 1. Perfect printable math practice.,https://mathworksheetgallery.github.io/html/fun-count-and-color-objects-worksheet-for-grade-1-9786.html,https://mathworksheetgallery.github.io/images/fun-count-and-color-objects-worksheet-for-grade-1-9786.jpg,Elementary Math Activities,04/19/2026 08:38:00 PM
Learn Counting With Pictures Worksheet (Kindergarten) - Part 171 | Printable Practice,Fun and engaging Counting Objects worksheet for Kindergarten. Perfect printable math practice.,https://mathworksheetgallery.github.io/html/learn-counting-with-pictures-worksheet-kindergarten-part-171-1829.html,https://mathworksheetgallery.github.io/images/learn-counting-with-pictures-worksheet-kindergarten-part-171-1829.jpg,Printable Worksheets,04/20/2026 08:25:00 AM
Grade 1 Division Practice Worksheet (18 Problems) - Part 172 | Printable Practice,Help kids master Division with this printable worksheet for Grade 1. Great for daily math practice.,https://mathworksheetgallery.github.io/html/grade-1-division-practice-worksheet-18-problems-part-172-2307.html,https://mathworksheetgallery.github.io/images/grade-1-division-practice-worksheet-18-problems-part-172-2307.jpg,Elementary Math Activities,04/20/2026 11:01:00 AM
Challenging Math Questions Worksheet (7 Questions),Free printable Math worksheet for Math. Perfect for homeschool practice and classroom activities.,https://mathworksheetgallery.github.io/html/challenging-math-questions-worksheet-7-questions-4505.html,https://mathworksheetgallery.github.io/images/challenging-math-questions-worksheet-7-questions-4505.jpg,Kids Math Worksheets,04/20/2026 01:36:00 PM
Missing Number Math Worksheet,Fun and engaging Missing Number worksheet for Grade 1. Perfect printable math practice.,https://mathworksheetgallery.github.io/html/missing-number-math-worksheet-6165.html,https://mathworksheetgallery.github.io/images/missing-number-math-worksheet-6165.jpg,Printable Worksheets,04/20/2026 04:22:00 PM
Mixed Operations Math Worksheet,Fun and engaging Mixed Operations worksheet for Grade 3. Perfect printable math practice.,https://mathworksheetgallery.github.io/html/mixed-operations-math-worksheet-9773.html,https://mathworksheetgallery.github.io/images/mixed-operations-math-worksheet-9773.jpg,Printable Worksheets,04/20/2026 08:22:00 PM
Free 30 Multiplication Math Worksheet For Grade 1 With Answers - Part 176 | Printable Practice,Help kids master Multiplication with this printable worksheet for Grade 1. Great for daily math practice.,https://mathworksheetgallery.github.io/html/free-30-multiplication-math-worksheet-for-grade-1-with-answers-part-176-2479.html,https://mathworksheetgallery.github.io/images/free-30-multiplication-math-worksheet-for-grade-1-with-answers-part-176-2479.jpg,Kids Math Worksheets,04/21/2026 08:26:00 AM
Grade 3 Subtraction Practice Worksheet (30 Problems) - Part 177 | Printable Practice,Teachers and parents love this Subtraction worksheet for Grade 3. Download and print instantly.,https://mathworksheetgallery.github.io/html/grade-3-subtraction-practice-worksheet-30-problems-part-177-3819.html,https://mathworksheetgallery.github.io/images/grade-3-subtraction-practice-worksheet-30-problems-part-177-3819.jpg,Math Practice Printables,04/21/2026 11:00:00 AM
6 Times Table Worksheet For Grade 3 With Answers - Part 178 | Printable Practice,Free printable Times Table worksheet for Grade 3. Perfect for homeschool practice and classroom activities.,https://mathworksheetgallery.github.io/html/6-times-table-worksheet-for-grade-3-with-answers-part-178-2809.html,https://mathworksheetgallery.github.io/images/6-times-table-worksheet-for-grade-3-with-answers-part-178-2809.jpg,Kids Math Worksheets,04/21/2026 01:31:00 PM
Printable Tracing Worksheet For Kids - Part 179 | Free Printable,Fun and engaging Tracing worksheet for Preschool. Perfect printable math practice.,https://mathworksheetgallery.github.io/html/printable-tracing-worksheet-for-kids-part-179-1336.html,https://mathworksheetgallery.github.io/images/printable-tracing-worksheet-for-kids-part-179-1336.jpg,Math Practice Printables,04/21/2026 04:35:00 PM
Math Word Problem Worksheet,Fun and engaging Word Problem worksheet for Grade 3. Perfect printable math practice.,https://mathworksheetgallery.github.io/html/math-word-problem-worksheet-2909.html,https://mathworksheetgallery.github.io/images/math-word-problem-worksheet-2909.jpg,Homeschool Math,04/21/2026 08:24:00 PM
Grade 3 Addition Practice Worksheet (18 Problems) - Part 181 | Printable Practice,Free printable Addition worksheet for Grade 3. Perfect for homeschool practice and classroom activities.,https://mathworksheetgallery.github.io/html/grade-3-addition-practice-worksheet-18-problems-part-181-4598.html,https://mathworksheetgallery.github.io/images/grade-3-addition-practice-worksheet-18-problems-part-181-4598.jpg,Homeschool Math,04/22/2026 08:34:00 AM
Fun Count and Color Objects Worksheet for Preschool,Printable Count and Color worksheet designed for Preschool students. Easy and fun math practice.,https://mathworksheetgallery.github.io/html/fun-count-and-color-objects-worksheet-for-preschool-8578.html,https://mathworksheetgallery.github.io/images/fun-count-and-color-objects-worksheet-for-preschool-8578.jpg,Homeschool Math,04/22/2026 11:05:00 AM
Free Counting Objects Worksheet For Kindergarten - Part 183 | Printable Practice,Help kids master Counting Objects with this printable worksheet for Kindergarten. Great for daily math practice.,https://mathworksheetgallery.github.io/html/free-counting-objects-worksheet-for-kindergarten-part-183-7721.html,https://mathworksheetgallery.github.io/images/free-counting-objects-worksheet-for-kindergarten-part-183-7721.jpg,Kids Math Worksheets,04/22/2026 01:33:00 PM
Grade 1 Division Practice Worksheet (22 Problems) - Part 184 | Printable Practice,Fun and engaging Division worksheet for Grade 1. Perfect printable math practice.,https://mathworksheetgallery.github.io/html/grade-1-division-practice-worksheet-22-problems-part-184-7130.html,https://mathworksheetgallery.github.io/images/grade-1-division-practice-worksheet-22-problems-part-184-7130.jpg,Math Practice Printables,04/22/2026 04:28:00 PM
4 Math Quiz Test Worksheet for Teens,Free printable Math worksheet for Math. Perfect for homeschool practice and classroom activities.,https://mathworksheetgallery.github.io/html/4-math-quiz-test-worksheet-for-teens-8815.html,https://mathworksheetgallery.github.io/images/4-math-quiz-test-worksheet-for-teens-8815.jpg,Math Practice Printables,04/22/2026 08:27:00 PM
Missing Number Math Worksheet,Printable Missing Number worksheet designed for Grade 1 students. Easy and fun math practice.,https://mathworksheetgallery.github.io/html/missing-number-math-worksheet-8397.html,https://mathworksheetgallery.github.io/images/missing-number-math-worksheet-8397.jpg,Printable Worksheets,04/23/2026 08:26:00 AM
Mixed Operations Math Worksheet,Help kids master Mixed Operations with this printable worksheet for Grade 3. Great for daily math practice.,https://mathworksheetgallery.github.io/html/mixed-operations-math-worksheet-4562.html,https://mathworksheetgallery.github.io/images/mixed-operations-math-worksheet-4562.jpg,Kids Math Worksheets,04/23/2026 11:00:00 AM
Grade 2 Multiplication Practice Worksheet (10 Problems) - Part 188 | Printable Practice,Free printable Multiplication worksheet for Grade 2. Perfect for homeschool practice and classroom activities.,https://mathworksheetgallery.github.io/html/grade-2-multiplication-practice-worksheet-10-problems-part-188-1910.html,https://mathworksheetgallery.github.io/images/grade-2-multiplication-practice-worksheet-10-problems-part-188-1910.jpg,Math Practice Printables,04/23/2026 01:37:00 PM
Grade 2 Subtraction Practice Worksheet (12 Problems) - Part 189 | Printable Practice,Help kids master Subtraction with this printable worksheet for Grade 2. Great for daily math practice.,https://mathworksheetgallery.github.io/html/grade-2-subtraction-practice-worksheet-12-problems-part-189-5367.html,https://mathworksheetgallery.github.io/images/grade-2-subtraction-practice-worksheet-12-problems-part-189-5367.jpg,Elementary Math Activities,04/23/2026 04:27:00 PM
Grade 3 Multiplication Table 8 Practice - Part 190 | Printable Practice,Printable Times Table worksheet designed for Grade 3 students. Easy and fun math practice.,https://mathworksheetgallery.github.io/html/grade-3-multiplication-table-8-practice-part-190-8483.html,https://mathworksheetgallery.github.io/images/grade-3-multiplication-table-8-practice-part-190-8483.jpg,Kids Math Worksheets,04/23/2026 08:28:00 PM
Printable Tracing Worksheet For Kids - Part 191 | Free Printable,Printable Tracing worksheet designed for Kindergarten students. Easy and fun math practice.,https://mathworksheetgallery.github.io/html/printable-tracing-worksheet-for-kids-part-191-2445.html,https://mathworksheetgallery.github.io/images/printable-tracing-worksheet-for-kids-part-191-2445.jpg,Printable Worksheets,04/24/2026 08:37:00 AM
Math Word Problem Worksheet,Printable Word Problem worksheet designed for Grade 3 students. Easy and fun math practice.,https://mathworksheetgallery.github.io/html/math-word-problem-worksheet-9268.html,https://mathworksheetgallery.github.io/images/math-word-problem-worksheet-9268.jpg,Math Practice Printables,04/24/2026 11:00:00 AM
Printable Free 25 Addition Math Worksheet For Grade 1 - Part 193 | Printable Practice,Printable Addition worksheet designed for Grade 1 students. Easy and fun math practice.,https://mathworksheetgallery.github.io/html/printable-free-25-addition-math-worksheet-for-grade-1-part-193-7538.html,https://mathworksheetgallery.github.io/images/printable-free-25-addition-math-worksheet-for-grade-1-part-193-7538.jpg,Elementary Math Activities,04/24/2026 01:27:00 PM
Printable Count and Color Worksheet for Kindergarten Kids,Help kids master Count and Color with this printable worksheet for Kindergarten. Great for daily math practice.,https://mathworksheetgallery.github.io/html/printable-count-and-color-worksheet-for-kindergarten-kids-9496.html,https://mathworksheetgallery.github.io/images/printable-count-and-color-worksheet-for-kindergarten-kids-9496.jpg,Kids Math Worksheets,04/24/2026 04:29:00 PM
Free Counting Objects Worksheet For Kindergarten Printable - Part 195 | Printable Practice,Teachers and parents love this Counting Objects worksheet for Kindergarten. Download and print instantly.,https://mathworksheetgallery.github.io/html/free-counting-objects-worksheet-for-kindergarten-printable-part-195-4916.html,https://mathworksheetgallery.github.io/images/free-counting-objects-worksheet-for-kindergarten-printable-part-195-4916.jpg,Kids Math Worksheets,04/24/2026 08:26:00 PM
Free 12 Division Math Worksheet For Grade 2 - Part 196 | Printable Practice,Help kids master Division with this printable worksheet for Grade 2. Great for daily math practice.,https://mathworksheetgallery.github.io/html/free-12-division-math-worksheet-for-grade-2-part-196-8195.html,https://mathworksheetgallery.github.io/images/free-12-division-math-worksheet-for-grade-2-part-196-8195.jpg,Kids Math Worksheets,04/25/2026 08:26:00 AM
Daily General Math Quiz for Students (7 Questions),Help kids master Math with this printable worksheet for Math. Great for daily math practice.,https://mathworksheetgallery.github.io/html/daily-general-math-quiz-for-students-7-questions-4277.html,https://mathworksheetgallery.github.io/images/daily-general-math-quiz-for-students-7-questions-4277.jpg,Kids Math Worksheets,04/25/2026 11:00:00 AM
Missing Number Math Worksheet,Fun and engaging Missing Number worksheet for Grade 1. Perfect printable math practice.,https://mathworksheetgallery.github.io/html/missing-number-math-worksheet-3679.html,https://mathworksheetgallery.github.io/images/missing-number-math-worksheet-3679.jpg,Printable Worksheets,04/25/2026 01:32:00 PM
Mixed Operations Math Worksheet,Fun and engaging Mixed Operations worksheet for Grade 3. Perfect printable math practice.,https://mathworksheetgallery.github.io/html/mixed-operations-math-worksheet-3930.html,https://mathworksheetgallery.github.io/images/mixed-operations-math-worksheet-3930.jpg,Kids Math Worksheets,04/25/2026 04:31:00 PM
Printable Free 16 Multiplication Math Worksheet For Grade 2 - Part 200 | Printable Practice,Printable Multiplication worksheet designed for Grade 2 students. Easy and fun math practice.,https://mathworksheetgallery.github.io/html/printable-free-16-multiplication-math-worksheet-for-grade-2-part-200-6286.html,https://mathworksheetgallery.github.io/images/printable-free-16-multiplication-math-worksheet-for-grade-2-part-200-6286.jpg,Elementary Math Activities,04/25/2026 08:31:00 PM
